{
  "AdministrativeInformation" : {
    "Creator" : {
      "Name" : "Brand Test Tool",
      "Version" : "5.4.1"
    },
    "DateTime" : "2020-09-10T10:50:00Z",
    "Reference" : "TestCaseId:AXP QC 006 - Invalid Offline PIN Entry ProjectId:American Express",
    "VersionNumber" : "1"
  },
  "ContactLog" : {
    "APDUs" : [ {
      "Command" : "EVENT_POWER_ON",
      "CommandTimestamp" : 1599778259743,
      "Response" : null,
      "ResponseTimestamp" : null
    }, {
      "Command" : "EVENT_COLD_RESET",
      "CommandTimestamp" : 1599778259744,
      "Response" : "3b 6f 00 00 80 31 e0 6b 05 12 05 02 87 55 55 55 55 55 55",
      "ResponseTimestamp" : 1599778259744
    }, {
      "Command" : "EVENT_POWER_OFF",
      "CommandTimestamp" : 1599778273819,
      "Response" : null,
      "ResponseTimestamp" : null
    }, {
      "Command" : "EVENT_POWER_ON",
      "CommandTimestamp" : 1599778280238,
      "Response" : null,
      "ResponseTimestamp" : null
    }, {
      "Command" : "EVENT_COLD_RESET",
      "CommandTimestamp" : 1599778280249,
      "Response" : "3b 6f 00 00 80 31 e0 6b 05 12 05 02 87 55 55 55 55 55 55",
      "ResponseTimestamp" : 1599778280249
    }, {
      "Command" : "00 a4 04 00 0e 31 50 41 59 2e 53 59 53 2e 44 44 46 30 31",
      "CommandTimestamp" : 1599778283591,
      "Response" : "6f 15 84 0e 31 50 41 59 2e 53 59 53 2e 44 44 46 30 31 a5 03 88 01 01 90 00",
      "ResponseTimestamp" : 1599778283989
    }, {
      "Command" : "00 b2 01 0c 00",
      "CommandTimestamp" : 1599778284004,
      "Response" : "70 2a 61 28 4f 08 a0 00 00 00 25 01 08 01 50 10 41 4d 45 52 49 43 41 4e 20 45 58 50 52 45 53 53 87 01 01 73 07 9f 0a 04 00 01 01 02 90 00",
      "ResponseTimestamp" : 1599778284204
    }, {
      "Command" : "00 b2 02 0c 00",
      "CommandTimestamp" : 1599778284217,
      "Response" : "70 29 61 27 4f 07 a0 00 00 00 29 10 10 50 10 41 4d 45 52 49 43 41 4e 20 45 58 50 52 45 53 53 87 01 02 73 07 9f 0a 04 00 01 01 02 90 00",
      "ResponseTimestamp" : 1599778284421
    }, {
      "Command" : "00 b2 03 0c 00",
      "CommandTimestamp" : 1599778284434,
      "Response" : "6a 83",
      "ResponseTimestamp" : 1599778284469
    }, {
      "Command" : "00 a4 04 00 08 a0 00 00 00 25 01 08 01",
      "CommandTimestamp" : 1599778284928,
      "Response" : "6f 30 84 08 a0 00 00 00 25 01 08 01 a5 24 50 10 41 4d 45 52 49 43 41 4e 20 45 58 50 52 45 53 53 87 01 01 5f 2d 02 65 6e bf 0c 07 9f 0a 04 00 01 01 02 90 00",
      "ResponseTimestamp" : 1599778285261
    }, {
      "Command" : "80 a8 00 00 02 83 00",
      "CommandTimestamp" : 1599778285473,
      "Response" : "80 16 3c 00 08 01 01 00 08 02 02 01 08 04 06 00 10 02 03 00 18 03 03 00 90 00",
      "ResponseTimestamp" : 1599778285762
    }, {
      "Command" : "00 b2 01 0c 00",
      "CommandTimestamp" : 1599778285782,
      "Response" : "70 43 57 13 37 42 45 00 17 41 00 7d 24 12 20 11 71 01 23 45 00 00 0f 5f 20 10 41 45 49 50 53 20 32 30 2f 56 45 52 20 32 2e 30 9f 5a 08 54 45 53 54 43 41 52 44 9f 5b 0d 31 32 33 34 35 36 37 38 39 30 31 32 33 90 00",
      "ResponseTimestamp" : 1599778286044
    }, {
      "Command" : "00 b2 02 0c 00",
      "CommandTimestamp" : 1599778286064,
      "Response" : "70 7a 5f 24 03 24 12 31 5f 25 03 17 10 01 5a 08 37 42 45 00 17 41 00 7f 5f 34 01 00 9f 07 02 ff 00 8c 15 9f 02 06 9f 03 06 9f 1a 02 95 05 5f 2a 02 9a 03 9c 01 9f 37 04 8d 17 8a 02 9f 02 06 9f 03 06 9f 1a 02 95 05 5f 2a 02 9a 03 9c 01 9f 37 04 9f 0d 05 bc 50 ec a8 00 9f 0e 05 00 00 00 00 00 9f 0f 05 bc 78 fc f8 00 5f 28 02 08 26 5f 30 02 02 01 9f 42 02 08 26 9f 4a 01 82 90 00",
      "ResponseTimestamp" : 1599778286946
    }, {
      "Command" : "00 b2 04 0c 00",
      "CommandTimestamp" : 1599778286964,
      "Response" : "70 27 9f 47 01 03 9f 48 1a 48 28 49 11 c7 cd a7 81 d5 bc 16 b8 66 bc eb 68 ca 77 2a 8c e9 ce 4e e7 46 9b 9f 49 03 9f 37 04 90 00",
      "ResponseTimestamp" : 1599778287212
    }, {
      "Command" : "00 b2 05 0c 00",
      "CommandTimestamp" : 1599778287230,
      "Response" : "70 81 b3 90 81 b0 9d c7 e1 a8 41 15 3b 75 b8 ad 95 d7 d0 83 d6 c7 6f af a3 f5 af c1 a5 3e 31 c7 e3 a4 1a 90 7b cf 36 0b 8f f9 43 c7 25 cd a1 7e 44 19 ff ed a9 b8 65 7f d2 e1 35 4e 4f fc 6b 7d 52 62 cc 92 87 76 d9 a6 59 9c 02 c9 7d c2 c7 34 78 94 9b 2b ee b0 f9 4a 75 08 37 56 a2 57 56 d8 d3 75 42 6d f0 c9 cc 66 13 d1 fd f4 67 e3 92 a3 2e 8c 1c ef 65 06 59 ee 2a b0 2b 7d 22 da 7c 05 68 36 7c ce ce 18 a2 d3 26 28 df 03 39 f8 78 d4 57 20 20 d7 ab 0a 0d a2 2f 0a 82 0e 6b b0 f5 d5 32 77 af 56 a1 86 b1 24 57 af 3c e1 5b c4 e2 ff a6 ef e6 9e 53 d6 90 00",
      "ResponseTimestamp" : 1599778287368
    }, {
      "Command" : "00 b2 06 0c 00",
      "CommandTimestamp" : 1599778287580,
      "Response" : "70 81 94 9f 46 81 90 62 78 fb 45 37 b6 46 73 49 6a 3b 59 17 e0 60 f2 16 0d c5 b3 f6 68 02 37 ce ed 54 27 d5 84 42 3d e8 7b 4d 61 dc ab ce 8d 0c e5 fd 9d 28 37 c9 71 94 09 20 e1 c7 ba be ab ff d5 83 78 11 4f 81 23 b7 a0 dd 53 f3 b1 ac bf 52 a9 33 5a 2c 2e 9e 6e 9e c4 f0 b1 c2 7a 6b 4a 5b b8 8b d8 a5 17 7c 77 c3 84 2f cc ee 2b 07 0a 7f 1c f6 80 bf 3e 3f d9 e1 97 3f 22 94 97 df f5 87 e4 fa d5 7e 93 07 d7 ad 48 f3 72 5b 36 e8 aa 80 21 66 01 30 26 e1 5a 90 00",
      "ResponseTimestamp" : 1599778287751
    }, {
      "Command" : "00 b2 02 14 00",
      "CommandTimestamp" : 1599778287932,
      "Response" : "70 0d 9f 32 01 03 8f 01 c9 92 04 b4 8f a1 dd 90 00",
      "ResponseTimestamp" : 1599778288152
    }, {
      "Command" : "00 b2 03 14 00",
      "CommandTimestamp" : 1599778288172,
      "Response" : "70 05 9f 08 02 00 01 90 00",
      "ResponseTimestamp" : 1599778288328
    }, {
      "Command" : "00 b2 03 1c 00",
      "CommandTimestamp" : 1599778288352,
      "Response" : "70 1a 8e 18 00 00 00 00 00 00 00 00 42 01 44 03 5e 03 00 00 00 00 00 00 00 00 00 00 90 00",
      "ResponseTimestamp" : 1599778288596
    }, {
      "Command" : "80 ae 80 00 1d 00 00 00 00 35 50 00 00 00 00 00 00 08 26 18 00 00 80 00 08 40 20 09 10 00 9b 4b 07 09",
      "CommandTimestamp" : 1599778293483,
      "Response" : "80 12 80 06 01 ba e1 53 d0 8f e0 76 3f 06 02 01 03 a0 00 00 90 00",
      "ResponseTimestamp" : 1599778294050
    }, {
      "Command" : "EVENT_WARM_RESET",
      "CommandTimestamp" : 1599778299203,
      "Response" : "3b 6f 00 00 80 31 e0 6b 05 12 05 02 87 55 55 55 55 55 55",
      "ResponseTimestamp" : 1599778299204
    }, {
      "Command" : "EVENT_POWER_OFF",
      "CommandTimestamp" : 1599778299204,
      "Response" : null,
      "ResponseTimestamp" : null
    } ],
    "Transactions" : [ {
      "End" : 19,
      "Start" : 0
    } ]
  },
  "ContactlessLog" : {
    "APDUs" : [ ],
    "Transactions" : [ ]
  },
  "signature" : {
    "signatureInformation" : {
      "canonicalizationAlgorithm" : "Indent",
      "digestAlgorithm" : "SHA1",
      "signatureAlgorithm" : "RSA",
      "encoding" : "Base64"
    },
    "signatureValue" : "M3vzFxfuGyMVkoQO3Vz/OPv+6TWY/Dxb5LzWfwVniLBYMHydM/ewqgXNEYoXcqp1ZaF5ZqgycspFzfNQrIY3OIR5tqMVzgUDwlKZx4NhmJwD0wBnX0Pz0IR7WxOmLMvN+M6HFiNV7v6Ss4NsGp5zzNgpfZ8Epr4w/vIsMfTMdM8=",
    "keyInformation" : {
      "keyName" : "Collis JSON Log RSA Key 1"
    }
  }
}