{
    "schemeVersion": "3",
    "name": "AXP QC 006 - Invalid Offline PIN Entry",
    "version": "3",
    "brand": "American Express",
    "testPlan": "Quick Chip Terminal Test Plan",
    "testPlanVersion": "1.2",
    "icsBitmapName": "AEIPS",
    "icsBitmapVersion": "1.0.0",
    "description": "To ensure the terminal can read PIN Try Counter and display correct message when one try left .",
    "verdict": "F",
    "transactions": [
        {
            "name": "Sale",
            "userChecks": 
[                {
                    "id": "1330178340",
                    "description": "Terminal prompts for chip insertion",
                    "property": "",
                    "mask": "",
                    "operator": "",
                    "expectedValue": "yes",
                    "encoding": "1",
                    "value": "yes",
                    "verdict": "P",
                    "inputType": "COMBOBOX",
                    "inputValues": ["yes","no"]
,                    "passLevel": "0",
                    "failLevel": "1"
                },
                {
                    "id": "2236275160",
                    "description": "Terminal displays final transaction amount or no amount",
                    "property": "",
                    "mask": "",
                    "operator": "",
                    "expectedValue": "yes",
                    "encoding": "1",
                    "value": "yes",
                    "verdict": "P",
                    "inputType": "COMBOBOX",
                    "inputValues": ["yes","no"]
,                    "passLevel": "0",
                    "failLevel": "1"
                },
                {
                    "id": "3311242270",
                    "description": "Terminal prompts for PIN",
                    "property": "",
                    "mask": "",
                    "operator": "",
                    "expectedValue": "yes",
                    "encoding": "1",
                    "value": "no",
                    "verdict": "F",
                    "inputType": "COMBOBOX",
                    "inputValues": ["yes","no"]
,                    "passLevel": "0",
                    "failLevel": "1"
                },
                {
                    "id": "4058090580",
                    "description": "Terminal displays proper PIN error message 2 times",
                    "property": "",
                    "mask": "",
                    "operator": "",
                    "expectedValue": "yes",
                    "encoding": "1",
                    "value": "no",
                    "verdict": "F",
                    "inputType": "COMBOBOX",
                    "inputValues": ["yes","no"]
,                    "passLevel": "0",
                    "failLevel": "1"
                },
                {
                    "id": "2038273653",
                    "description": "Terminal displays proper message notifying the last PIN attempt",
                    "property": "",
                    "mask": "",
                    "operator": "",
                    "expectedValue": "yes",
                    "encoding": "1",
                    "value": "no",
                    "verdict": "F",
                    "inputType": "COMBOBOX",
                    "inputValues": ["yes","no"]
,                    "passLevel": "0",
                    "failLevel": "1"
                },
                {
                    "id": "1148070152",
                    "description": "Terminal displays 'Remove Card' or equivalent message",
                    "property": "",
                    "mask": "",
                    "operator": "",
                    "expectedValue": "yes",
                    "encoding": "1",
                    "value": "yes",
                    "verdict": "P",
                    "inputType": "COMBOBOX",
                    "inputValues": ["yes","no"]
,                    "passLevel": "0",
                    "failLevel": "1"
                },
                {
                    "id": "1218489413",
                    "description": "Receipt shows PIN verified and no signature panel present",
                    "property": "",
                    "mask": "",
                    "operator": "",
                    "expectedValue": "yes",
                    "encoding": "1",
                    "value": "yes",
                    "verdict": "P",
                    "inputType": "COMBOBOX",
                    "inputValues": ["yes","no"]
,                    "passLevel": "0",
                    "failLevel": "1"
                },
                {
                    "id": "4217041105",
                    "description": "Cardholder is notified of transaction approval",
                    "property": "",
                    "mask": "",
                    "operator": "",
                    "expectedValue": "yes",
                    "encoding": "1",
                    "value": "yes",
                    "verdict": "P",
                    "inputType": "COMBOBOX",
                    "inputValues": ["yes","no"]
,                    "passLevel": "0",
                    "failLevel": "1"
                }
]            ,
            "cardLogChecks": 
[                {
                    "id": "1740079709",
                    "description": "The Terminal requests GET DATA command for PIN Try Counter",
                    "property": "CONTACT.APDU(CLA=80,INS=CA)[1].COMMAND:BYTE.3-4",
                    "mask": "",
                    "operator": "==",
                    "expectedValue": "9F17",
                    "encoding": "0",
                    "value": "",
                    "verdict": "F",
                    "inputType": "",
                    "inputValues": []
,                    "passLevel": "0",
                    "failLevel": "1"
                },
                {
                    "id": "1403877443",
                    "description": "In 1st GEN AC Response, Tag 9F27(CID) = '80' indicates 'ARQC'",
                    "property": "CONTACT.APDU(CLA=80,INS=AE)[1].RESPONSE:TAG.9F27",
                    "mask": "",
                    "operator": "==",
                    "expectedValue": "80",
                    "encoding": "0",
                    "value": "80",
                    "verdict": "P",
                    "inputType": "",
                    "inputValues": []
,                    "passLevel": "0",
                    "failLevel": "1"
                },
                {
                    "id": "2227104304",
                    "description": "External Authenticate command NOT sent by the terminal to the card",
                    "property": "CONTACT.APDU(CLA=00,INS=82)[1].COMMAND",
                    "mask": "",
                    "operator": "==",
                    "expectedValue": "",
                    "encoding": "0",
                    "value": "",
                    "verdict": "P",
                    "inputType": "",
                    "inputValues": []
,                    "passLevel": "0",
                    "failLevel": "1"
                },
                {
                    "id": "3529103830",
                    "description": "In 2nd GEN AC Command, Tag 8A(ARC) = '5A 33' indicates 'Offline Decline as Unable to go Online'",
                    "property": "CONTACT.APDU(CLA=80,INS=AE)[2].COMMAND:TAG.8A",
                    "mask": "",
                    "operator": "==",
                    "expectedValue": "5A33",
                    "encoding": "0",
                    "value": "",
                    "verdict": "F",
                    "inputType": "",
                    "inputValues": []
,                    "passLevel": "0",
                    "failLevel": "1"
                },
                {
                    "id": "1310408890",
                    "description": "In 2nd GEN AC Response, Tag 9F27(CID) = '00' indicates 'AAC'",
                    "property": "CONTACT.APDU(CLA=80,INS=AE)[2].RESPONSE:TAG.9F27",
                    "mask": "C0",
                    "operator": "==",
                    "expectedValue": "00",
                    "encoding": "0",
                    "value": "",
                    "verdict": "F",
                    "inputType": "",
                    "inputValues": []
,                    "passLevel": "0",
                    "failLevel": "1"
                }
]            ,
            "hybridChecks": 
[]            ,
            "hostChecks": 
[                {
                    "id": "930102306",
                    "description": "Amount value in request message in Field 55 ICC Data Subfield 10 (Amount, Authorized) is not zero",
                    "property": "COMMON.ICC_REQUEST_DATA:TAG.9F02",
                    "mask": "",
                    "operator": "!=",
                    "expectedValue": "",
                    "encoding": "0",
                    "value": "",
                    "verdict": "",
                    "inputType": "",
                    "inputValues": []
,                    "passLevel": "0",
                    "failLevel": "1"
                },
                {
                    "id": "262962406",
                    "description": "POS DC correct in request message: <br>Field 22 Position 1 = '5' (Integrated Circuit Card (ICC))<br>Field 22 Position 6 = '1' (Card Present)<br>Field 22 Position 7 = '5' (Integrated Circuit Card (ICC))",
                    "property": "REQUEST.DE22.DATA",
                    "mask": "?0000??00000",
                    "operator": "==",
                    "expectedValue": "",
                    "encoding": "4",
                    "value": "",
                    "verdict": "NA",
                    "inputType": "",
                    "inputValues": []
,                    "passLevel": "0",
                    "failLevel": "1"
                },
                {
                    "id": "465356458",
                    "description": "Action Code = Approved (Field 39 = '000' in response message)",
                    "property": "RESPONSE.DE39.DATA",
                    "mask": "",
                    "operator": "==",
                    "expectedValue": "",
                    "encoding": "3",
                    "value": "",
                    "verdict": "NA",
                    "inputType": "",
                    "inputValues": []
,                    "passLevel": "0",
                    "failLevel": "1"
                },
                {
                    "id": "3441409868",
                    "description": "POS DC correct in request message",
                    "property": "COMMON.ICC_USED",
                    "mask": "",
                    "operator": "==",
                    "expectedValue": "",
                    "encoding": "1",
                    "value": "",
                    "verdict": "",
                    "inputType": "",
                    "inputValues": []
,                    "passLevel": "0",
                    "failLevel": "1"
                },
                {
                    "id": "2816785291",
                    "description": "Action Code = Approved",
                    "property": "COMMON.ACTION",
                    "mask": "",
                    "operator": "==",
                    "expectedValue": "",
                    "encoding": "1",
                    "value": "",
                    "verdict": "",
                    "inputType": "",
                    "inputValues": []
,                    "passLevel": "0",
                    "failLevel": "1"
                }
]            ,
            "comments": ""
        }
    ]
}